BEGIN;


CREATE TABLE empenho (
    id_empenho integer PRIMARY KEY,
    id_unidade integer NOT NULL,
    id_favorecido integer NOT NULL,
    codigo_empenho character varying(50) NOT NULL,
    data_emissao date NOT NULL,
    observacao character varying(500),
    processo character varying(100) NOT NULL,
    valor_empenho numeric NOT NULL,
    FOREIGN KEY (id_unidade) REFERENCES unidade(id_unidade),
    FOREIGN KEY (id_favorecido) REFERENCES favorecido(id_favorecido)
);

CREATE TABLE favorecido (
    id_favorecido integer PRIMARY KEY,
    nome_fornecedor character varying(100) NOT NULL,
    uf character varying(2) NOT NULL
);

CREATE TABLE item_empenho (
    id_item_empenho integer PRIMARY KEY,
    id_empenho integer NOT NULL,
    descricao character varying(1000) NOT NULL,
    quantidade integer NOT NULL,
    valor_total_item numeric NOT NULL,
    FOREIGN KEY (id_empenho) REFERENCES empenho(id_empenho)
);

CREATE TABLE orgao (
    id_orgao integer PRIMARY KEY,
    codigo_orgao integer NOT NULL,
    nome_orgao character varying(100) NOT NULL
);

CREATE TABLE unidade (
    id_unidade integer PRIMARY KEY,
    id_orgao integer NOT NULL,
    codigo_unidade integer NOT NULL,
    nome_unidade character varying(100) NOT NULL,
    FOREIGN KEY (id_orgao) REFERENCES orgao(id_orgao)
);

INSERT INTO empenho VALUES (532201593, 2, 8, '2023NE000036', '2023-01-01', 'CONTRATO Nº 01/2019 - PREGAO ELETRONICO Nº 39/2018 - PRESTACAO DE SERVICO DE AQUISICAO DE SEGURO DE ASSISTENCIA EM VIAGEM AO EXTERIOR; CONFORME EDITAL E SEUS ANEXOS.', '23121.000924/2018-72', 100);
INSERT INTO empenho VALUES (528201570, 2, 7, '2023NE000021', '2023-01-01', 'ATENDER DESPESA COM DIARIAS DE PESSOAL CIVIL ATIVO NO DECORRER DO EXERCICIO. ACAO: CAPACITACAO DE SERV.PUBLICOS FEDERAIS EM PROCESSO DE QUALIFICACAO E REQUALIFICACAO - FORMACAO E CAPAC. DE PROFESSORES DA EDUCACAO BASICA', '23121.001186/2022-67', 0.1);
INSERT INTO empenho VALUES (504701525, 2, 12, '2023NE000006', '2023-01-01', 'ATENDER DESPESAS COM OBRIGACOES PATRONAIS DE CONTRIBUICOES PREVIDENCIARIAS -  INSS', '23121.001179/2022-65', 300000);
INSERT INTO empenho VALUES (514601618, 2, 7, '2023NE000013', '2021-06-18', 'ATENDER DESPESA COM AUXILIO ALIMENTACAO DE CONTRATOS TEMPORARIOS.', '23121.001182/2022-89', 175000);
INSERT INTO empenho VALUES (515001629, 2, 9, '2023NE000045', '2027-03-26', 'PREGAO ELETRONICO 01/2019. CONTRATO Nº 02/2019. PRESTACAO DE SERVICO DE MANUTENCAO PREVENTIVA E CORRETIVA DOS ELEVADORES CONFORME EDITAL E SEUS ANEXOS', '23121.001232/2018-41', 34944);
INSERT INTO empenho VALUES (516601499, 6, 13, '2023NE000036', '2019-04-21', 'VALOR QUE SE EMPENHA PARA ATENDER CONTRATO DE PRESTACAO DE SERVICOS CONTINUADOS DE MANUTENCAO PREDIAL PARA A DRF/CAXIAS DO SUL E ARFS BENTO?GONCALVES E CANELA; DURANTE O EXERCICIO DE 2023.', '11020.720670/2021-67', 10);
INSERT INTO empenho VALUES (520801792, 3, 3, '2023NE000086', '2021-01-15', 'ATENDER DESPESAS COM PRESTACAO DE SERVICOS DE REBOQUE PARA VEICULOS LEVES DENTRO DO PERIMETRO URBANO DE SANTANA DO LIVRAMENTO E ADICIONAL POR KM RODADO FORA DO PERIMETRO URBANO; P/ A IRF/SLV NO CORRENTE EXERCICIO.', '11060.727446/2020-49', 2);
INSERT INTO empenho VALUES (521001622, 2, 7, '2023NE000008', '2020-07-15', 'ATENDER DESPESAS COM PAGAMENTO DE PENSOES CIVIS DO REGIME PROPRIO DE PREVIDENCIA DO SERVIDOR - RPPS.', '23121.001176/2022-21', 9764459.59);
INSERT INTO empenho VALUES (522101591, 1, 5, '2023NE000094', '2023-01-18', 'CONTRATACAO DE INTERNET PARA CHUI NO PREDIO SEDE E O DEPOSITO DE MERCADORIAS. CONTRATACAO PARA 24MESES', '11000736664202241', 10);
INSERT INTO empenho VALUES (522701629, 2, 15, '2023NE000054', '2016-03-01', 'ATENDER DESPESA COM SERVICOS TECNICOS EVENTUAIS CONFORME CONDICOES; QUANTIDADES E EXIGENCIAS ESTABELECIDAS EM EDITAL - CONTRATO Nº 02/2021', '23121.001098/2019-60', 5000);
INSERT INTO empenho VALUES (523701682, 1, 1, '2023NE000096', '2016-08-05', 'CONTRATACAO DE BANDA LARGA - INTERNET RGE', '11000.746091/2022-63', 10);
INSERT INTO empenho VALUES (525601598, 5, 11, '2023NE000007', '2021-02-14', 'EMPENHO PARA CONTRATO CONTINUADO DE SERVICOS DE TELEFONIA FIXA COMUTADA; MODALIDADE LOCAL E DE LONGA DISTANCIA PARA ESTA SEMS-PI; CONFORME CONTRATO 04/2019; PREGAO 04/2019; PROCESSO 25015.001366/2018-03.', '25015.001366/2018-03', 1122.5);
INSERT INTO empenho VALUES (526501194, 4, 10, '2022NE000123', '2021-09-01', 'BAIXA DE SALDO NAO UTILIZADO EM RESTOS A PAGAR', '25003.001658/2022-53', 0);
INSERT INTO empenho VALUES (530101595, 2, 7, '2023NE000024', '2021-08-10', 'ATENDER DESPESA COM DIARIAS DE PESSOAL CIVIL ATIVO NO DECORRER DO EXERCICIO.    FUNCIONAMENTO DAS INSTITUICOES FEDERAIS DE EDUCACAO ESPECIAL', '23121.001186/2022-67', 10000);
INSERT INTO empenho VALUES (531401533, 2, 2, '2023NE000005', '2021-01-01', 'ATENDER DESPESA COM CONTRIBUICOES PATRONAIS DA UNIAO PARA A FUNDACAO DE PREVIDENCIA COMPLEMENTAR DO SERVIDOR PUBLICO FEDERAL - FUNPRESP; NOS TERMOS DA LEI Nº 12.618; DE 2012', '23121.001180/2022-90', 200000);
INSERT INTO empenho VALUES (531901586, 2, 7, '2023NE000009', '2018-01-01', 'ATENDER DESPESA COM SENTENCAS JUDICIAIS NAO TRANSITADAS EM JULGADO; DE CARATER CONTINUO - PENSIONISTA CIVIL.', '23121.001176/2022-21', 12209.28);
INSERT INTO empenho VALUES (532101552, 2, 7, '2023NE000011', '2019-01-01', 'ATENDER DESPESA COM O  PAGAMENTO DO AUXILIO-CRECHE AOS EMPREGADOS - CONTRATO  TEMPORARIO (LEI 8.745/1993).', '23121.001182/2022-89', 4000);
INSERT INTO empenho VALUES (532201577, 2, 7, '2023NE000015', '2019-11-06', 'ATENDER DESPESA COM AUXILIO-TRANSPORTE AOS EMPREGADOS  (CONTRATO TEMPORARIO -  LEI 8.745/1993).', '23121.001182/2022-89', 67000);
INSERT INTO empenho VALUES (532501553, 2, 7, '2023NE000017', '2023-01-01', 'ATENDER DESPESA A TITULO DE RESSARCIMENTO DE ASSISTENCIA MEDICA AOS SERVIDORES CIVIS; EMPREGADOS E DEPENDENTES.', '23121.001183/2022-23', 850000);
INSERT INTO empenho VALUES (514901562, 2, 7, '2023NE000019', '2016-02-20', 'ATENDER DESPESA COM OUTROS BENEFICIOS ASSISTENCIAIS DO SERVIDOR (AUXILIO FUNERAL/AUXILIO NATALIDADE).', '23121.001182/2022-89', 83955.5);
INSERT INTO empenho VALUES (504401556, 2, 7, '2023NE000018', '2017-10-01', 'ATENDER DESPESA A TITULO DE RESSARCIMENTO DE ASSISTENCIA MEDICA AOS SERVIDORES CIVIS; EMPREGADOS E DEPENDENTES (EXERCICIO ANTERIOR - PER CAPITA ASSISTENCIA MEDICA).', '23121.001183/2022-23', 60000);
INSERT INTO empenho VALUES (504601777, 3, 3, '2023NE000087', '2018-05-01', 'ATENDER DESPESAS COM PRESTACAO DE SERVICOS DE REBOQUE PARA VEICULOS PESADOS DENTRO DO PERIMETRO URBANO DE SANTANA DO LIVRAMENTO E ADICIONAL POR KM RODADO FORA DO PERIMETRO URBANO; P/ A IRF/SLV NO CORRENTE EXERCICIO.', '11060.727446/2020-49', 2);
INSERT INTO empenho VALUES (505301583, 2, 7, '2023NE000012', '2019-06-01', 'ATENDER DESPESA COM CONCESSAO DE ASSISTENCIA PRE-ESCOLAR AOS DEPENDENTES DOS  SERVIDORES E EMPREGADOS DESTE INSTITUTO.', '23121.001182/2022-89', 223000);
INSERT INTO empenho VALUES (505901545, 2, 7, '2023NE000016', '2022-01-22', 'ATENDER DESPESA COM AUXILIO-TRANSPORTE AOS SERVIDORES CIVIS ATIVOS.', '23121.001182/2022-89', 830000);
INSERT INTO empenho VALUES (506501621, 1, 16, '2023NE000088', '2017-06-21', 'CONTRATO DE LIMPEZA DOS PREDIO DA DRF/PELOTAS; IRF/BAGE; IRF/JAGUARAO E ACI/ACEGUA. SUB-ROGADO UG 170180 CONTR. 170180 01/2019 PR 04/2019', '166648.720018/201974', 10);
INSERT INTO empenho VALUES (515902249, 8, 28, '2023NE000270', '2021-05-25', '339039.17 -  MANUTENCAO E CONSERVACAO DE MAQUINAS E EQUIPAMENTOS(MANUTENCAO DE AR-CONDICIONADO)', '64294.001707/2023-62', 4680);
INSERT INTO empenho VALUES (518501874, 3, 29, '2023NE000095', '2019-04-30', 'ATENDER DESPESAS COM PRESTACAO DE SERVICOS DE MANUTENCAO DE CANIL E PLANTEL DE CAES DO CCF K9 RFB DA DRFSTM; NO CORRENTE EXERCICIO.', '11060.720546/2021-25', 67249.92);
INSERT INTO empenho VALUES (520401600, 1, 19, '2023NE000069', '2018-03-25', 'EMPENHO PARA CONTRATACAO DE PUBLICIDADE LEGAL PARA SRRF10. EBC', '11000730227/2022-13', 10);
INSERT INTO empenho VALUES (520401602, 2, 7, '2023NE000002', '2018-07-15', 'ATENDER DESPESA COM VENCIMENTOS E VANTAGENS FIXAS DE PESSOAL CIVIL ATIVO.', '23121.001178/2022-11', 43599556.56);
INSERT INTO empenho VALUES (521301614, 2, 7, '2023NE000007', '2023-01-17', 'ATENDER DESPESAS COM PAGAMENTO DE APOSENTADORIAS DOS SERVIDORES INATIVOS DO REGIME PROPRIO DE PREVIDENCIA DO SERVIDOR - RPPS.', '23121.001176/2022-21', 46049753.36);
INSERT INTO empenho VALUES (521501625, 2, 7, '2023NE000022', '2023-01-14', 'ATENDER DESPESA COM DIARIAS DE PESSOAL CIVIL ATIVO NO DECORRER DO EXERCICIO-  PROFESSOR DO ENSINO SUPERIOR', '23121.001186/2022-67', 10000.1);
INSERT INTO empenho VALUES (521601583, 1, 20, '2023NE000080', '2023-01-22', 'CONTRATO DE PECAS PARA VEICULOS DE  RGE E CHUI. SUB-ROGADO UG 170180 CONTR. 170182 07/2020 PR 09/2020', '11040.723309/2020-73', 10);
INSERT INTO empenho VALUES (521602708, 3, 27, '2023NE000118', '2023-01-21', 'ATENDER DESPESAS COM PRESTACAO DE SERVICOS CONTINUADOS DE TELEFONIA FIXA COMUTADA NA MODALIDADE LOCAL; COM SERVICOS DE DISCAGEM DIRETA A RAMAL; PARA A DRF/SANTA MARIA NO CORRENTE EXERCICIO.', '11060.730865/2021-49', 3);
INSERT INTO empenho VALUES (524001578, 1, 20, '2023NE000081', '2022-01-14', 'CONTRATO DE SERVICOS DE MANUTENCAODE VEICULOS  RGE E CHUI. SUB-ROGADO UG 170180 CONTR. 170182 07/2020 PR 09/2020', '11040.723309/2020-73', 4);
INSERT INTO empenho VALUES (524101805, 3, 3, '2023NE000093', '2022-01-31', 'ATENDER DESPESAS COM O FORNECIMENTO DE PECAS E EQUIPAMENTOS MECANICOS PARA OS VEICULOS PESADOS DA IRF/SLV NO CORRENTE EXERCICIO.', '11060.727446/2020-49', 1);
INSERT INTO empenho VALUES (525901539, 2, 7, '2023NE000026', '2019-04-25', 'REFORCO', '23121.001186/2022-67', 7600);
INSERT INTO empenho VALUES (506601548, 2, 7, '2023NE000003', '2020-03-18', 'ATENDER DESPESAS VARIAVEIS DE PESSOAL CIVIL ATIVO; RELACIONADAS AS ATIVIDADES  DO CARGO/ EMPREGO OU FUNCAO DO SERVIDOR E CUJO PAGAMENTO SO SE REALIZA EM CIRCUSTANCIAS ESPECIAIS.', '23121.001178/2022-11', 50000);
INSERT INTO empenho VALUES (506901596, 2, 7, '2023NE000014', '2016-04-04', 'ATENDER DESPESA COM AUXILIO ALIMENTAC]AO DE SERVIDORES CIVIS ATIVO', '23121.001182/2022-89', 2110000);
INSERT INTO empenho VALUES (507001572, 2, 8, '2023NE000039', '2022-03-24', 'CONTRATO Nº 01/2019 - PREGAO ELETRONICO Nº 39/2018 - SERVICO DE EMISSAO DE PASSAGENS AEREAS; CONFORME EDITAL E SEUS ANEXOS', '23121.000924/2018-72', 2500);
INSERT INTO empenho VALUES (507001630, 1, 4, '2023NE000111', '2020-02-25', 'EMPENHO PARA CONTRATO DE SERVICO DE INCINERACAO DE RESIDUOS DE MERCADORIAS APREENDIDAS E BENS MOVEIS.', '11000.720089/2019-69', 10);
INSERT INTO empenho VALUES (507501598, 2, 23, '2023NE000048', '2019-10-15', 'PREGAO ELETRONICO 16/2020 - CONTRATO 12/2020 - EXECUCAO DE SERVICO DE MANUTENCAO DE CAMERAS;  CONFORME EDITAL E SEUS ANEXOS', '23121.000643/2020-34', 7036.32);
INSERT INTO empenho VALUES (507801609, 2, 7, '2023NE000028', '2019-07-06', 'ATENDER DESPESA COM O PAGAMENTO DE GRATIFICACAO POR ENCARGO DE CURSO OU CONCURSO; NORMATIZADA PELO ART. 76-A; DA LEI 8112/90 E O DECRETO 6114/2007.', '23121.001186/2022-67', 300);
INSERT INTO empenho VALUES (508001669, 2, 8, '2023NE000033', '2022-01-08', 'CONTRATO Nº 01/2019 - PREGAO ELETRONICO Nº 39/2018 - SERVICO DE EMISSAO DE PASSAGENS AEREAS; CONFORME EDITAL E SEUS ANEXOS. FUNC.DAS INST.FEDERAIS DE EDUCACAO ESPECIAL', '23121.000924/2018-72', 10000);
INSERT INTO empenho VALUES (508901604, 4, 17, '2023NE000004', '2021-05-25', 'COBRIR DESPESAS C/ CONTRATACAO DE SERVICO DE ENGENHARIA - ', '25003.000051/2021-75', 11767.29);
INSERT INTO empenho VALUES (509101835, 3, 3, '2023NE000091', '2021-11-01', 'ATENDER DESPESAS COM PRESTACAO DE SERVICOS DE LAVAGEM COMPLETA DE VEICULOS PESADOS PARA A IRF/SLV NO CORRENTE EXERCICIO.', '11060.727446/2020-49', 1);
INSERT INTO empenho VALUES (509601561, 2, 30, '2023NE000053', '2020-06-12', 'PRESTACAO DE SERVICOS DE GERENCIAMENTO; CONTROLE E FORNECIMENTO DE COMBUSTIVEIS EM REDE DE POSTOS CREDENCIADOS; CONFORME EDITAL E SEUS ANEXOS.', '23121.000036/2022-36', 6000);
INSERT INTO empenho VALUES (509701563, 7, 26, '2023NE000033', '2019-01-01', 'CONSTITUICAO DA NOTA DE EMPENHO VISANDO ATENDER DESPESAS COM CONTRATO CONTINUADO', '08255.000074/2023-61', 1000);
INSERT INTO empenho VALUES (510001699, 3, 6, '2023NE000066', '2021-07-01', 'EMPENHO PARA ATENDER DESPESAS COM CONTRATACAO DE SERVICOS CONTINUADOS DE MANUTENCAO DE CANIL E PLANTEL DE CAES', '11060727280202141', 83568);
INSERT INTO empenho VALUES (510501565, 1, 5, '2023NE000095', '2020-01-01', 'CONTRATACAO DE BANDA LARGA - INTERNET CHUI - RLE', '11000.746091/2022-63', 10);
INSERT INTO empenho VALUES (510601599, 2, 7, '2023NE000029', '2018-04-30', 'ATENDER DESPESA COM O PAGAMENTO DE GRATIFICACAO POR ENCARGO DE CURSO OU CONCURSO; NORMATIZADA PELO ART. 76-A; DA LEI 8112/90 E O DECRETO 6114/2007.', '23121.001185/2022-12', 3000);
INSERT INTO empenho VALUES (510901650, 4, 10, '2023NE000018', '2022-01-14', 'COBRIR DESPESAS COM SERVICOS DE TELEFONIA MOVEL PARA O SEMS/MG;CONTRATO', '25003.001658/2022-53', 844.9);
INSERT INTO empenho VALUES (511101641, 2, 31, '2023NE000068', '2021-10-30', 'PRESTACAO DE SERVICOS DE RECEPCIONISTA E APOIO ADMINISTRATIVO (AUX. DE ESCRITORIO); CONFORME EDITAL E SEUS ANEXOS. - PREGAO 25/2022.', '23121.000734/2022-31', 86055.16);
INSERT INTO empenho VALUES (511301583, 2, 7, '2023NE000027', '2020-09-24', 'ATENDER DESPESA COM DIARIAS DE COLABORADORES EVENTUAIS NO PAIS;  NO DECORRER DO EXERCICIO.', '23121.001186/2022-67', 400);
INSERT INTO empenho VALUES (511701585, 2, 15, '2023NE000069', '2020-09-17', 'ATENDER DESPESA COM SERVICOS PARA FINS DE MANUTENCAO PREDIAL; CONFORME EDITAL E SEUS ANEXOS.', '23121.000021/2022-78', 10672);
INSERT INTO empenho VALUES (511701746, 3, 3, '2023NE000085', '2021-02-17', 'ATENDER DESPESAS COM PRESTACAO DE SERVICOS DE MANUTENCAO PREVENTIVA E CORRETIVA DE VEICULOS PESADOS PARA A IRF/SLV NO CORRENTE EXERCICIO.', '11060.727446/2020-49', 1);
INSERT INTO empenho VALUES (512001614, 1, 20, '2023NE000082', '2020-01-16', 'CONTRATO DE SERVICOS DE LAVAGEM DE  VEICULOS  RGE E CHUI. SUB-ROGADO UG 170180 CONTR. 170182 07/2020 PR 09/2020', '11040.723309/2020-73', 10);
INSERT INTO empenho VALUES (512101605, 2, 21, '2023NE000040', '2021-08-26', 'ATENDER DESPESA COM CONTRIBUICAO PARA O CUSTEIO DO SERVICO DE ILUMINACAO PUBLICA.', '21452.14543-85', 14352.12);
INSERT INTO empenho VALUES (512301631, 2, 14, '2023NE000051', '2020-02-22', 'CONTRATO NR. 22/2018. ATENDER DESPESA COM SERVICO DE TELECOMUNICACOES; CONFORME EDITAL E SEUS ANEXOS.', '23121.000338/2018-28', 3000);
INSERT INTO empenho VALUES (513201843, 3, 3, '2023NE000090', '2020-03-11', 'ATENDER DESPESAS COM PRESTACAO DE SERVICOS DE LAVAGEM SIMPLES DE VEICULOS PESADOS PARA A IRF/SLV NO CORRENTE EXERCICIO.', '11060.727446/2020-49', 1);
INSERT INTO empenho VALUES (513401713, 3, 3, '2023NE000089', '2019-05-04', 'ATENDER DESPESAS COM PRESTACAO DE SERVICOS DE LAVAGEM COMPLETA DE VEICULOS LEVES PARA A IRF/SLV NO CORRENTE EXERCICIO.', '11060.727446/2020-49', 1);
INSERT INTO empenho VALUES (513701584, 2, 7, '2023NE000025', '2020-05-30', 'ATENDER DESPESA COM DIARIAS DE PESSOAL CIVIL ATIVO NO DECORRER DO EXERCICIO', '23121.001186/2022-67', 500);
INSERT INTO empenho VALUES (513901539, 2, 8, '2023NE000037', '2016-02-28', 'CONTRATO Nº 01/2019 - PREGAO ELETRONICO Nº 39/2018 - SERVICO DE EMISSAO DE PASSAGENS AEREAS; CONFORME EDITAL E SEUS ANEXOS. ', '23121.000924/2018-72', 2500);
INSERT INTO empenho VALUES (524201553, 2, 18, '2023NE000052', '2020-11-27', 'ATENDER DESPESA COM SERVICOS DE: COMBATE A VETORES E PRAGAS URBANAS; COMPREENDENDO DESINSETIZACAO;DESRATIZACAO E DESCUPINIZACAO. TAMBEM NO QUE SE REFERE A SANITIZACAO CONTRA A COVID-19; DE AMBIENTES INTERNOS E EXTERNOS (COM FORNECIMENTO DE CERTIFICADO DE SANITIZACAO COM DATA DA REALIZACAO DO SERVICO); E CONTROLE DE POMBOS - CONTRATO Nº 07/2021', '23121.002088/2021-66', 28398.2);
INSERT INTO empenho VALUES (525001610, 1, 10, '2023NE000026', '2020-04-14', 'EMPENHO PARA ATENDER DESPESA COM TELEFONIA MODALIDADE LDN - ARF SANTA CRUZ DO SUL. EXERCICIO 2023. CONTRATO DRF SCS 01/2019.', '13005.720055/2019-50', 10);
INSERT INTO empenho VALUES (525601604, 2, 24, '2023NE000046', '2020-02-28', 'CONTRATO 09/2020. PREGAO ELETRONICO 15/2020. - ATENDER DESPESA COM SERVICO DE COLETA E TRANSPORTE DE LIXO EXTRAORDINARIO;  CONFORME EDITAL E SEUS ANEXOS.', '23121.000514/2020-46', 34995.36);
INSERT INTO empenho VALUES (528701589, 2, 8, '2023NE000034', '2022-10-01', 'CONTRATO Nº 01/2019 - PREGAO ELETRONICO Nº 39/2018 - SERVICO DE EMISSAO DE PASSAGENS AEREAS; CONFORME EDITAL E SEUS ANEXOS. FUNC.DAS INST.FEDERAIS DE EDUCACAO ESPECIAL - DDHCT - ASSISTENCIA TECNICA/EVENTOS', '23121.000924/2018-72', 500);
INSERT INTO empenho VALUES (529501609, 1, 22, '2023NE000083', '2022-02-14', 'EMPENHO PARA PAGTO ENERGIA ELETRICA DE ACEGUA - SUB-ROGADO UG 170180 CONTR 02/2022 INEX 02/2021', '11040727397202163', 10);
INSERT INTO empenho VALUES (529701601, 1, 20, '2023NE000079', '2022-02-15', 'CONTRATO DE SERVICOS DE  GUINCHO PARA RGE E CHUI. SUB-ROGADO UG 170180 CONTR. 170182 07/2020 PR 09/2020', '11040.723309/2020-73', 15);
INSERT INTO empenho VALUES (531001585, 2, 25, '2023NE000010', '2020-02-08', 'ATENDER DESPESA COM PAGAMENTO DE CONTRIBUICOES DA UNIAO PARA O PLANO DE SEGURIDADE SOCIAL DO SERVIDOR (PSSS PATRONAL).', '23121.001181/2022-34', 9794889);
INSERT INTO empenho VALUES (531101611, 2, 23, '2023NE000047', '2022-01-01', 'PREGAO ELETRONICO 20/2019 - CONTRATO 23/2019 - EXECUCAO DE SERVICO DE MANUTENCAO PREVENTIVA E CORRETIVA DA CENTRAL TELEFONICA PABX MARCA LEUCOTRON', '23121.000454/2019-18', 12745.92);

INSERT INTO favorecido VALUES (1, 'OSIRNET INFO TELECOM EIRELI', 'SP');
INSERT INTO favorecido VALUES (2, 'FUNDACAO DE PREVIDENCIA COMPLEMENTAR DO SERVIDOR PUBLIC', 'SP');
INSERT INTO favorecido VALUES (3, 'VANLUZ PECAS E ACESSORIOS LTDA', 'SP');
INSERT INTO favorecido VALUES (4, 'HERA SUL TRATAMENTOS DE RESIDUOS LTDA', 'SP');
INSERT INTO favorecido VALUES (5, 'HENRIQUE HONORIO PEREIRA CABRAL', 'MG');
INSERT INTO favorecido VALUES (6, 'PETBRAZIL ANIMAL CARE LTDA', 'MG');
INSERT INTO favorecido VALUES (7, 'INSTITUTO NACIONAL DE EDUCACAO DE SURDOS-RJ', 'MG');
INSERT INTO favorecido VALUES (8, 'L. A. VIAGENS E TURISMO LTDA', 'RJ');
INSERT INTO favorecido VALUES (9, 'ELEVADORES ELBO LTDA', 'RJ');
INSERT INTO favorecido VALUES (10, 'CLARO S.A.', 'RJ');
INSERT INTO favorecido VALUES (11, 'OI S.A. - EM RECUPERACAO JUDICIAL', 'RJ');
INSERT INTO favorecido VALUES (12, 'COORD.GERAL DE ORCAMENTO, FINANCAS E CONTAB.', 'RJ');
INSERT INTO favorecido VALUES (13, 'ENGELINK LTDA.', 'RJ');
INSERT INTO favorecido VALUES (14, 'WIRELESS COMM SERVICES LTDA', 'RJ');
INSERT INTO favorecido VALUES (15, 'RENOV AR CONDICIONADO LTDA', 'RJ');
INSERT INTO favorecido VALUES (16, 'LIMPADORA SANTO AUGUSTO LTDA', 'RJ');
INSERT INTO favorecido VALUES (17, 'PAULINHO DAS ESTRUTURAS ENGENHARIA E TREINAMENTOS LTDA', 'RJ');
INSERT INTO favorecido VALUES (18, 'TOTAL PEST CONTROL IMUNIZACAO LTDA', 'ES');
INSERT INTO favorecido VALUES (19, 'EMPRESA BRASIL DE COMUNICACAO S.A', 'ES');
INSERT INTO favorecido VALUES (20, 'HENRIQUE GONCALVES', 'ES');
INSERT INTO favorecido VALUES (21, 'LIGHT SERVICOS DE ELETRICIDADE S A', 'RJ');
INSERT INTO favorecido VALUES (22, 'COOPERATIVA REGIONAL DE ELETRIF RURAL FRONTEIRA SUL LTD', 'SP');
INSERT INTO favorecido VALUES (23, 'NETWARE TELECOMUNICACOES E INFORMATICA LTDA', 'SP');
INSERT INTO favorecido VALUES (24, 'KIOTO AMBIENTAL LTDA', 'SP');
INSERT INTO favorecido VALUES (25, 'SECRETARIA ESP. DA RECEITA FEDERAL DO BRASIL', 'SP');
INSERT INTO favorecido VALUES (26, 'COMPANHIA DE ELETRICIDADE DO ESTADO DA BAHIA COELBA', 'BA');
INSERT INTO favorecido VALUES (27, 'TELEFONICA BRASIL S.A.', 'PR');
INSERT INTO favorecido VALUES (28, 'JULIO LIPINSKI NETO 50356623904', 'PR');
INSERT INTO favorecido VALUES (29, 'GABRIELA DELAVECHHIA PALMA', 'PR');
INSERT INTO favorecido VALUES (30, 'PRIME CONSULTORIA E ASSESSORIA EMPRESARIAL LTDA', 'MG');
INSERT INTO favorecido VALUES (31, 'DALLAS SERVICOS EM GERAL EIRELI', 'MG');
INSERT INTO favorecido VALUES (32, 'Engefield', 'MG');
INSERT INTO favorecido VALUES (33, 'ABC', 'SP');
INSERT INTO favorecido VALUES (34, 'Nestle', 'SP');
INSERT INTO favorecido VALUES (35, 'Port', 'MG');
INSERT INTO favorecido VALUES (36, 'Pão de Açúcar', 'RJ');

INSERT INTO item_empenho VALUES (2, 504601777, 'Item compra: 00009 - GUINCHO , REBOQUE', 1, 1);
INSERT INTO item_empenho VALUES (3, 504601777, 'Item compra: 00008 - GUINCHO , REBOQUE', 1, 1);
INSERT INTO item_empenho VALUES (7, 506501621, 'Item compra: 00001 - PRESTAÇÃO DE SERVIÇO DE LIMPEZA E CONSERVAÇÃO - OUTRAS      NECESSIDADES', 1, 10);
INSERT INTO item_empenho VALUES (11, 507001630, 'Item compra: 00001 - INCINERAÇÃO MATERIAL APREENDIDO', 1, 10);
INSERT INTO item_empenho VALUES (16, 509101835, 'Item compra: 00012 - LAVAGEM DE VEÍCULO AUTOMOTIVO', 1, 1);
INSERT INTO item_empenho VALUES (18, 509701563, 'Item compra: 00001 - ENERGIA ELÉTRICA - FORNECIMENTO MERCADO REGULADO', 1, 1000);
INSERT INTO item_empenho VALUES (20, 510501565, 'Item compra: 00002 - Contratação de pessoa jurídica especializada para prestação de serviço de Banda Larga Fixa para ponto de acesso à Internet, com velocidade mínima de download, velocidade mínima de upload, modem (certificado pela Anatel), instalação, serviço de atendimento e sem limitação de tráfego de dados para download e upload. Prestação do serviço na IRF Chuí/RS e vigência de 12 (doze) meses, com possibilidade de prorrogação por igual período. O Aceite da Nota de Empenho implica no reconhecimento de que a referida Nota está substituindo o contrato, aplicando-se à relação de negócios ali estabelecida as dispos', 1, 10);
INSERT INTO item_empenho VALUES (30, 511701746, 'Item compra: 00007 - MANUTENÇÃO DE VEÍCULOS LEVES E PESADOS', 1, 1);
INSERT INTO item_empenho VALUES (34, 513201843, 'Item compra: 00011 - LAVAGEM DE VEÍCULO AUTOMOTIVO', 1, 1);
INSERT INTO item_empenho VALUES (35, 513401713, 'Item compra: 00006 - LAVAGEM DE VEÍCULO AUTOMOTIVO', 1, 1);
INSERT INTO item_empenho VALUES (37, 513901539, 'Item compra: 00001 - PRESTAÇAO DE SERVIÇOS DE AGENCIAMENTO DE VIAGENS', 1, 2500);
INSERT INTO item_empenho VALUES (40, 514901562, 'ATENDER DESPESAS COM AUXÍLIO NATALIDADE - ATIVO CIVIL DEVIDO A SERVIDORA, CONJUGE OU COMPANHEIRO DE SERVIDOR PUBLICO, POR MOTIVO DE NASCIMENTO DE FILHO.', 1, 3955.5);
INSERT INTO item_empenho VALUES (43, 516601499, 'Item compra: 00001 - MANUTENÇÃO , REFORMA PREDIAL', 1, 10);
INSERT INTO item_empenho VALUES (45, 520401600, 'Item compra: 00001 - SERVIÇOS DE SUPORTE DE DIVULGAÇÃO EM COMUNICAÇÃO SOCIAL.', 1, 10);
INSERT INTO item_empenho VALUES (58, 520401602, 'ATENDER DESPESAS COM ADICIONAL NOTURNO.', 1, 100);
INSERT INTO item_empenho VALUES (59, 520801792, 'Item compra: 00003 - GUINCHO , REBOQUE', 1, 1);
INSERT INTO item_empenho VALUES (60, 520801792, 'Item compra: 00002 - GUINCHO , REBOQUE', 1, 1);
INSERT INTO item_empenho VALUES (70, 521601583, 'Item compra: 00009 - PEÇAS , ACESSÓRIOS EQUIPAMENTOS OFICINA MANUTENÇÃO', 1, 10);
INSERT INTO item_empenho VALUES (71, 521602708, 'Item compra: 00005 - CHAMADAS LOCAIS FIXO-FIXO STFC-LOCAL-FF', 1, 1);
INSERT INTO item_empenho VALUES (72, 521602708, 'Item compra: 00006 - CHAMADAS LOCAIS FIXO-MOVEL STFC-LOCAL-FM (VC1)', 1, 1);
INSERT INTO item_empenho VALUES (73, 521602708, 'Item compra: 00008 - ASSINATURA DE DDR', 1, 1);
INSERT INTO item_empenho VALUES (74, 522101591, 'Item compra: 00001 - Contratação de 02 (duas) assinatura mensais de links de internet Wifi, com velocidade de 400 Mbps, upload de 200 Mbps, com comodato de equipamentos necessários e vigência de 24 (vinte e quatro) meses, a seres prestadas no Prédio sedee no Depósito de Mercadorias Apreendidas da Inspetoria da Receita Federal do Chuí. O Aceite da Nota de Empenho implica no reconhecimento de que a referida Nota está substituindo o contrato, aplicando-se à relação de negócios ali estabelecida as disposições da Lei nº 14.133, de 2021. A Contratada vincula-se à sua proposta e às previsões contidas no Termo de Referência.', 1, 10);
INSERT INTO item_empenho VALUES (76, 523701682, 'Item compra: 00001 - Contratação de pessoa jurídica especializada para prestação de serviço de Banda Larga Fixa para ponto de acesso à Internet, com velocidade mínima de download, velocidade mínima de upload, modem (certificado pela Anatel), instalação, serviço de atendimento e sem limitação de tráfego de dados para download e upload. Prestação do serviço na ALF Rio Grande/RS e vigência de 12 (doze) meses, com possibilidade de prorrogação por igual período. O Aceite da Nota de Empenho implica no reconhecimento de que a referida Nota está substituindo o contrato, aplicando-se à relação de negócios ali estabelecida as', 1, 10);
INSERT INTO item_empenho VALUES (77, 524001578, 'Item compra: 00004 - BALANCEAMENTO EM VEÍCULO AUTOMOTIVO', 1, 1);
INSERT INTO item_empenho VALUES (78, 524001578, 'Item compra: 00001 - MANUTENÇÃO DE VEÍCULOS LEVES - PARTE MECÂNICA', 1, 1);
INSERT INTO item_empenho VALUES (79, 524001578, 'Item compra: 00002 - MANUTENÇÃO DE VEÍCULOS LEVES - PARTE MECÂNICA', 1, 1);
INSERT INTO item_empenho VALUES (80, 524001578, 'Item compra: 00003 - ALINHAMENTO EM VEÍCULO AUTOMOTIVO', 1, 1);
INSERT INTO item_empenho VALUES (81, 524101805, 'Item compra: 00010 - PEÇAS , ACESSÓRIOS EQUIPAMENTOS OFICINA MANUTENÇÃO', 1, 1);
INSERT INTO item_empenho VALUES (87, 525001610, 'Item compra: 00011 - CHAMADAS NACIONAIS FIXO-FIXO STFC-LDN-FF (DEGRAUS 1 A 4)', 1, 5);
INSERT INTO item_empenho VALUES (88, 525001610, 'Item compra: 00012 - CHAMADAS NACIONAIS FIXO-MOVEL - STFC-LDN-FM (VC2 E VC3)', 1, 5);
INSERT INTO item_empenho VALUES (89, 525601598, 'Item compra: 00001 - TAXA DE INSTALACAO/HABILITAÇÃO DE SERVIÇO DE TELEFONIA STFC', 1, 0.11);
INSERT INTO item_empenho VALUES (90, 525601598, 'Item compra: 00009 - TAXA DE INSTALACAO/HABILITAÇÃO DE SERVIÇO DE TELEFONIA STFC', 1, 0.62);
INSERT INTO item_empenho VALUES (91, 525601598, 'Item compra: 00002 - TAXA DE INSTALACAO/HABILITAÇÃO DE SERVIÇO DE TELEFONIA STFC', 1, 0.32);
INSERT INTO item_empenho VALUES (93, 525601598, 'Item compra: 00006 - TAXA DE INSTALACAO/HABILITAÇÃO DE SERVIÇO DE TELEFONIA STFC', 1, 0.21);
INSERT INTO item_empenho VALUES (94, 525601598, 'Item compra: 00007 - TAXA DE INSTALACAO/HABILITAÇÃO DE SERVIÇO DE TELEFONIA STFC', 1, 0.21);
INSERT INTO item_empenho VALUES (95, 525601598, 'Item compra: 00008 - TAXA DE INSTALACAO/HABILITAÇÃO DE SERVIÇO DE TELEFONIA STFC', 1, 0.62);
INSERT INTO item_empenho VALUES (96, 525601598, 'Item compra: 00004 - TAXA DE INSTALACAO/HABILITAÇÃO DE SERVIÇO DE TELEFONIA STFC', 1, 0.41);
INSERT INTO item_empenho VALUES (50, 520401602, 'ATENDER DESPESAS REALIZADAS COM GRATIFICACAO POR EXERCICIO DE CARGOS.', 1563, 16920000);
INSERT INTO item_empenho VALUES (101, 528201570, 'ATENDER DESPESAS COM DIÁRIAS DE  PESSOAL CIVIL NO PAIS, COBRINDO ALIMENTAçãO,  POUSADA E LOCOMOÇÃO URBANA DO SERVIDOR PUBLICO ESTATUTARIO OU CELETISTA QUE SE  DESLOCAR DE SUA SEDE EM OBJETO DE SERVIÇO, EM CARATER EVENTUAL OU TRANSITORIO.', 1, 0.1);
INSERT INTO item_empenho VALUES (103, 529501609, 'Item compra: 00001 - ENERGIA ELÉTRICA - FORNECIMENTO MERCADO REGULADO', 1, 10);
INSERT INTO item_empenho VALUES (104, 529701601, 'Item compra: 00007 - GUINCHO , REBOQUE', 1, 5);
INSERT INTO item_empenho VALUES (105, 529701601, 'Item compra: 00008 - GUINCHO , REBOQUE', 1, 5);
INSERT INTO item_empenho VALUES (106, 529701601, 'Item compra: 00006 - GUINCHO , REBOQUE', 1, 5);
INSERT INTO item_empenho VALUES (114, 532201593, 'Item compra: 00002 - SEGURO / GARANTIA', 1, 100);
INSERT INTO item_empenho VALUES (1, 504401556, 'ATENDER DESPESAS A TITULO DE RESSARCIMENTO DE ASSISTÊNCIA MÉDICA E ODONTOLOGICA,INCLUSIVE DECORRENTE DE REEMBOLSO PARCIAL DO VALOR DESPENDIDO PELO SERVIDOR ATIVO  OU  INATIVO, E SEUS DEPENDENTES OU PENSIONISTAS COM PLANOS OU SEGUROS PRIVADOS DE ASSISTENCIA À SAUDE, NA FORMA ESTABELECIDA EM REGULAMENTO - (EXERCÍCIO ANTERIOR - PER CAPITA ASSISTÊNCIA MÉDICA).    .', 6, 60000);
INSERT INTO item_empenho VALUES (4, 504701525, 'ATENDER DESPESAS COM CONTRIBUIÇÕES PREVIDENCIARIAS AO INSS.', 60, 300000);
INSERT INTO item_empenho VALUES (5, 505301583, 'ATENDER DESPESAS COM AUXILIO-CRECHE, DEVIDO A SERVIDOR PUBLICO DECORRENTE DE  RESSARCIMENTO DE GASTOS COM A EDUCACAO PRE-ESCOLAR DE SEUS DEPENDENTES', 200, 223000);
INSERT INTO item_empenho VALUES (6, 505901545, 'ATENDER DESPESA COM AUXÍLIO-TRANSPORTE AOS SERVIDORES CIVIS ATIVOS.', 15, 830000);
INSERT INTO item_empenho VALUES (8, 506601548, 'ATENDER DESPESAS A TITULO DE SUBSTITUICOES.', 50, 50000);
INSERT INTO item_empenho VALUES (9, 506901596, 'ATENDER DESPESAS COM A CONCESSÃO DE AUXÍLIO-ALIMENTAÇÃO AOS SERVIDORES E EMPREGADOS ATIVOS.', 1487, 2110000);
INSERT INTO item_empenho VALUES (10, 507001572, 'Item compra: 00001 - PRESTAÇAO DE SERVIÇOS DE AGENCIAMENTO DE VIAGENS', 25, 2500);
INSERT INTO item_empenho VALUES (12, 507501598, 'Item compra: 00001 - INATALAÇÃO,MANUTENÇÃO - CIRCUITO FECHADO TV', 150, 7036.32);
INSERT INTO item_empenho VALUES (13, 507801609, 'ATENDER DESPESAS COM RESTITUIÇÕES COM AQUISICAO DE PASSAGENS (AEREAS,TERRESTRES, FLUVIAIS OU MARITIMAS),TAXAS DE EMBARQUE, SEGUROS, FRETAMENTO, PEDAGIOS, LOCACAO OU USO DE VEICULOS PARA TRANSPORTE DE PESSOASE SUAS RESPECTIVAS BAGAGENS, INCLUSIVE QUANDO OCORRER EM   DECORRENCIADE MUDANCAS DE DOMICILIO NO INTERESSE DA ADMINISTRACAO, BEM COMO COMPRA DE COMBUSTIVEL POR SERVIDORES EM CUMPRIMENTO DE SUAS FUNCOES INSTITUCIONAIS (RECENSEADORES, PESQUISADORES, OFICIAIS DE JUSTICAS EOUTROS).', 30, 300);
INSERT INTO item_empenho VALUES (14, 508001669, 'Item compra: 00001 - PRESTAÇAO DE SERVIÇOS DE AGENCIAMENTO DE VIAGENS', 100, 10000);
INSERT INTO item_empenho VALUES (15, 508901604, 'Item compra: 00001 - Estudos e Projetos de Recuperação e Reforço de Estruturas: Contratação de empresa especializada para a elaboração de Laudo de Avaliação Estrutural para edifício sede da Superintendência Estadual de Minas Gerais do Ministério da Saúdeem Minas Gerais, localizados na Rua Espirito Santo, 500, Centro, Belo Horizonte - MG, conforme condições, quantidades e exigências estabelecidas neste instrumento e seus anexos.', 1788, 11767.29);
INSERT INTO item_empenho VALUES (17, 509601561, 'Item compra: 00001 - CONTROLE DE ABASTECIMENTO DE VEÍCULOS', 60, 6000);
INSERT INTO item_empenho VALUES (19, 510001699, 'Item compra: 00001 - INSTALAÇÃO , MONTAGEM , MANUTENÇÃO - ESTANTE VENTILADA , ISOLADOR ANIMAL , CANIL', 78, 83568);
INSERT INTO item_empenho VALUES (21, 510601599, 'ATENDER DESPESAS COM A GRATIFICACAO POR ENCARGO DE CURSO E CONCURSO (GECC) DEVIDAS AO SERVIDOR  PUBLICO DECORRENTES DO DESEMPENHO EVENTUAL DAS ATIVIDADES PREVISTAS NO ART.2º DO DECRETO 6.114/2007 E ART. 76-A DA LEI 8112/90.', 10, 3000);
INSERT INTO item_empenho VALUES (22, 510901650, 'Item compra: 00004 - Pacote de Serviços SMP (Voz, Dados, SMS, Etc)', 15, 844.9);
INSERT INTO item_empenho VALUES (23, 511101641, 'Item compra: 00001 - PRESTAÇÃO DE SERVIÇOS CONTINUADOS DE APOIO ADMINISTRATIVO (RECEPCIONISTA), COM EXECUÇÃO MEDIANTE O REGIME DE 44 HORAS.', 25, 47746.24);
INSERT INTO item_empenho VALUES (24, 511101641, 'Item compra: 00002 - PRESTAÇÃO DE SERVIÇOS CONTINUADOS DE APOIO ADMINISTRATIVO (AUXILIAR DE ESCRITÓRIO), COM EXECUÇÃO MEDIANTE O REGIME DE 44 HORAS.', 30, 38308.92);
INSERT INTO item_empenho VALUES (25, 511301583, 'ATENDER DESPESA COM DIARIAS DE COLABORADORES EVENTUAIS NO PAIS,  NO DECORRER DO EXERCICIO.', 40, 400);
INSERT INTO item_empenho VALUES (26, 511701585, 'Item compra: 00009 - MANUTENÇÃO / REFORMA PREDIAL', 264, 2668);
INSERT INTO item_empenho VALUES (27, 511701585, 'Item compra: 00010 - MANUTENÇÃO / REFORMA PREDIAL', 264, 2668);
INSERT INTO item_empenho VALUES (28, 511701585, 'Item compra: 00011 - MANUTENÇÃO / REFORMA PREDIAL', 264, 2668);
INSERT INTO item_empenho VALUES (29, 511701585, 'Item compra: 00012 - CONFECÇÃO / INSTALAÇAO / MANUTENÇÃO - VIDRAÇARIA', 264, 2668);
INSERT INTO item_empenho VALUES (31, 512001614, 'Item compra: 00005 - LAVAGEM DE VEÍCULO AUTOMOTIVO', 10, 10);
INSERT INTO item_empenho VALUES (32, 512101605, 'ATENDER DESPESA COM CONTRIBUIÇÃO PARA O CUSTEIO DO SERVIÇO DE ILUMINAÇÃO PUBLICA.', 1536, 14352.12);
INSERT INTO item_empenho VALUES (33, 512301631, 'Item compra: 00001 - CHAMADAS NACIONAIS FIXO-FIXO STFC-LDN-FF (DEGRAUS 1 A 4)', 30, 3000);
INSERT INTO item_empenho VALUES (36, 513701584, 'ATENDER DESPESAS COM DIÁRIAS DE  PESSOAL CIVIL NO PAIS, COBRINDO ALIMENTAçãO,  POUSADA E LOCOMOÇÃO URBANA DO SERVIDOR PUBLICO ESTATUTARIO OU CELETISTA QUE SE  DESLOCAR DE SUA SEDE EM OBJETO DE SERVIÇO, EM CARATER EVENTUAL OU TRANSITORIO.', 50, 500);
INSERT INTO item_empenho VALUES (38, 514601618, 'ATENDER DESPESAS COM O PAGAMENTO DO AUXÍLIO-ALIMENTAÇÃO AOS EMPREGADOS DE CONTRATO TEMPORÁRIO (LEI 8.745/1993).', 178, 175000);
INSERT INTO item_empenho VALUES (39, 514901562, 'ATENDER DESPESAS COM O AUXÍLIO DEVIDO A FAMILIA DO SERVIDOR INATIVO CIVIL, EM VALOR EQUIVALENTE A UM MÊS DE REMUNERACAO OU PROVENTOS. DEVIDO TAMBEM A TERCEIRO QUE CUSTEAR COMPROVADAMENTE AS DESPESAS COM FUNERAL DO INATIVO CIVIL.', 80, 80000);
INSERT INTO item_empenho VALUES (41, 515001629, 'Item compra: 00001 - INSTALAÇÃO / MANUTENÇÃO - ELEVADORES, ESCADAS ROLANTES, MON-TA - CARGAS / PLATAFORMA / ESCADAS', 348, 34944);
INSERT INTO item_empenho VALUES (42, 515902249, 'Item compra: 00001 - Ar Condicionado - Manutenção de Sistemas / Limpeza', 40, 4680);
INSERT INTO item_empenho VALUES (44, 518501874, 'Item compra: 00001 - INSTALAÇÃO , MONTAGEM , MANUTENÇÃO - ESTANTE VENTILADA , ISOLADOR ANIMAL , CANIL', 689, 67249.92);
INSERT INTO item_empenho VALUES (46, 520401602, 'ATENDER DESPESAS COM VENCIMENTOS E SALARIOS DO PESSOAL CIVIL.', 202, 22000000);
INSERT INTO item_empenho VALUES (47, 520401602, 'ATENDER DESPESAS A TITULO DE VENCIMENTOS E VANTAGENS POR INCORPORACOES.', 111, 11878.56);
INSERT INTO item_empenho VALUES (48, 520401602, 'ATENDER DESPESAS COM PAGAMENTO DO ABONO DE PERMANENCIA, DEVIDO AOS SERVIDORES QUE TENDO COMPLETADO AS EXIGENCIAS PARA APOSENTADORIA VOLUNTARIA, OPTE POR PERMANECER EM ATIVIDADE.', 80, 819000);
INSERT INTO item_empenho VALUES (49, 520401602, 'ATENDER DESPESAS COM REMUNERACAO DE SERVIDORES EM ATIVIDADE EM LOCAIS INSALUBRES, CONF.  ART.68 DA LEI 8112/90.', 15452, 99119.64);
INSERT INTO item_empenho VALUES (51, 520401602, 'ATENDER DESPESAS REALIZADAS COM GRATIFICACAO POR  EXERCICIO DE FUNCOES, DE  COORDENAÇÃO, ASSESSORAMENTO, CHEFIA E ENCARGO DE ATIVIDADES ESPECIFICAS  (FUNÇÕES COMISSIONADAS)', 24, 240000);
INSERT INTO item_empenho VALUES (52, 520401602, 'ATENDER DESPESAS REALIZADAS A TITULO DE GRATIFICACAO E ADICIONAL DE LOCALIZAÇÃO.', 100, 1063.92);
INSERT INTO item_empenho VALUES (53, 520401602, 'ATENDER DESPESAS COM GRATIFICACAO P/EXERCICIO DE CARGO EM COMISSÃO.', 124, 468394.44);
INSERT INTO item_empenho VALUES (54, 520401602, 'ATENDER DESPESAS COM GRATIFICAÇÃO DE TEMPO DE SERVICO.', 30, 390000);
INSERT INTO item_empenho VALUES (55, 520401602, 'ATENDER DESPESAS COM 13º SALARIO.', 4135, 1300000);
INSERT INTO item_empenho VALUES (56, 520401602, 'ATENDER DESPESAS COM FÉRIAS - ABONO CONSTITUCIONAL.', 130, 1300000);
INSERT INTO item_empenho VALUES (57, 520401602, 'ATENDER DESPESAS COM FERIAS - PAGAMENTO ANTECIPADO.', 50, 50000);
INSERT INTO item_empenho VALUES (61, 521001622, 'ATENDER DESPESAS COM PENSÕES ORIGINÁRIAS DE PESSOAL CIVIL.', 800, 8820000);
INSERT INTO item_empenho VALUES (62, 521001622, 'ATENDER DESPESA A TITULO DE 13º SALÁRIO - PENSIONISTA', 900, 428459.59);
INSERT INTO item_empenho VALUES (63, 521001622, 'ATENDER DESPESAS DOS VALORES RELATIVOS AS COMPLEMENTAÇÃOES DE PENSÕES PAGAS A PENSIONISTAS DE SERVIDORES CIVIS.', 50, 516000);
INSERT INTO item_empenho VALUES (64, 521301614, 'ATENDER DESPESAS COM PROVENTOS DE APOSENTADORIA CIVIL.', 100, 39000000);
INSERT INTO item_empenho VALUES (65, 521301614, 'ATENDER DESPESAS A TITULO DE 13º SALÁRIO - PESSOAL CIVIL APOSENTADO.', 15238, 2192845.4);
INSERT INTO item_empenho VALUES (66, 521301614, 'ATENDER DESPESAS COM O PAGAMENTO DA GRATIFICAÇÃO DE TEMPO DE SERVIÇO (ANUÊNIO) DE SERVIDORES CIVIS.', 480, 4800000);
INSERT INTO item_empenho VALUES (67, 521301614, 'ATENDER DESPESAS DECORRENTES DE VANTAGENS PERMANENTES, MENSAIS E CONTINUADAS DE PESSOAL CIVIL ORIGINADAS DE SENTENÇAS JUDICIAIS TRANSITADAS EM JULGADO.', 1547, 22579.92);
INSERT INTO item_empenho VALUES (68, 521301614, 'ATENDER DESPESAS COM COMPLEMENTAÇÃO DE APOSENTADORIAS DEVIDAS AO PESSOAL CIVIL INATIVO.', 1233, 34328.04);
INSERT INTO item_empenho VALUES (69, 521501625, 'ATENDER DESPESAS COM DIÁRIAS DE  PESSOAL CIVIL NO PAIS, COBRINDO ALIMENTAçãO,  POUSADA E LOCOMOÇÃO URBANA DO SERVIDOR PUBLICO ESTATUTARIO OU CELETISTA QUE SE  DESLOCAR DE SUA SEDE EM OBJETO DE SERVIÇO, EM CARATER EVENTUAL OU TRANSITORIO.', 100, 10000.1);
INSERT INTO item_empenho VALUES (75, 522701629, 'Item compra: 00002 - SERVIÇO ENGENHARIA', 50, 5000);
INSERT INTO item_empenho VALUES (82, 524201553, 'Item compra: 00005 - SERVIÇO ESPECIALIZADO DE LIMPEZA', 1245, 12764.13);
INSERT INTO item_empenho VALUES (83, 524201553, 'Item compra: 00004 - DESINSETIZAÇÃO , DESRATIZAÇÃO , DEDETIZAÇÃO', 100, 2123.02);
INSERT INTO item_empenho VALUES (84, 524201553, 'Item compra: 00001 - DESINSETIZAÇÃO , DESRATIZAÇÃO , DEDETIZAÇÃO', 642, 6382.07);
INSERT INTO item_empenho VALUES (85, 524201553, 'Item compra: 00002 - DESINSETIZAÇÃO , DESRATIZAÇÃO , DEDETIZAÇÃO', 544, 4256.27);
INSERT INTO item_empenho VALUES (86, 524201553, 'Item compra: 00003 - DESINSETIZAÇÃO , DESRATIZAÇÃO , DEDETIZAÇÃO', 2842, 2872.71);
INSERT INTO item_empenho VALUES (92, 525601598, 'Item compra: 00003 - TAXA DE INSTALACAO/HABILITAÇÃO DE SERVIÇO DE TELEFONIA STFC', 100, 1120);
INSERT INTO item_empenho VALUES (97, 525601604, 'Item compra: 00001 - COLETA DE LIXO - RESIDENCIAL , COMERCIAL , INDUSTRIAL', 3475, 34995.36);
INSERT INTO item_empenho VALUES (98, 525901539, 'ATENDER DESPESAS COM DIÁRIAS DE  PESSOAL CIVIL ATIVO NO EXTERIOR', 80, 7600);
INSERT INTO item_empenho VALUES (99, 526501194, 'Item compra: 00004 - Pacote de Serviços SMP (Voz, Dados, SMS, Etc)', 54, 84.49);
INSERT INTO item_empenho VALUES (100, 526501194, 'Baixa de saldos não liquidados.', 54, 84.49);
INSERT INTO item_empenho VALUES (102, 528701589, 'Item compra: 00001 - PRESTAÇAO DE SERVIÇOS DE AGENCIAMENTO DE VIAGENS', 50, 500);
INSERT INTO item_empenho VALUES (107, 530101595, 'ATENDER DESPESAS COM DIÁRIAS DE  PESSOAL CIVIL NO PAIS, COBRINDO ALIMENTAçãO,  POUSADA E LOCOMOÇÃO URBANA DO SERVIDOR PUBLICO ESTATUTARIO OU CELETISTA QUE SE  DESLOCAR DE SUA SEDE EM OBJETO DE SERVIÇO, EM CARATER EVENTUAL OU TRANSITORIO.', 100, 10000);
INSERT INTO item_empenho VALUES (108, 531001585, 'ATENDER DESPESA RELATIVA A CONTRIBUIÇÕES PATRONAIS PARA O REGIME PRÓPRIO DE PREVIDÊNCIA SOCIAL.', 1245, 9794889);
INSERT INTO item_empenho VALUES (109, 531101611, 'Item compra: 00001 - INSTALAÇÃO , MANUTENÇÃO - REDE TELEFÔNICA', 124, 12745.92);
INSERT INTO item_empenho VALUES (110, 531401533, 'ATENDER DESPESA COM CONTRIBUIÇÕES PATRONAIS DA UNIÃO PARA A FUNDAÇÃO DE PREVIDÊNCIA COMPLEMENTAR DO SERVIDOR PÚBLICO FEDERAL - FUNPRESP, NOS TERMOS DA LEI Nº 12.618, DE 2012', 200, 200000);
INSERT INTO item_empenho VALUES (111, 531901586, 'ATENDER DESPESA COM SENTENÇAS JUDICIAIS NÃO TRANSITADAS EM JULGADO, DE CARATER CONTINUO - PENSIONISTA CIVIL.', 124, 12209.28);
INSERT INTO item_empenho VALUES (112, 532101552, 'ATENDER DESPESA COM O  PAGAMENTO DO AUXÍLIO-CRECHE AOS EMPREGADOS - CONTRATO TEMPORÁRIO (LEI 8.745/1993).', 400, 4000);
INSERT INTO item_empenho VALUES (113, 532201577, 'ATENDER DESPESAS COM O PAGAMENTO DO AUXÍLIO-TRANSPORTE AOS EMPREGADOS - CONTRATO TEMPORÁRIO (LEI 8.745/1993).', 670, 67000);
INSERT INTO item_empenho VALUES (115, 532501553, 'ATENDER DESPESAS A TITULO DE RESSARCIMENTO DE ASSISTÊNCIA MÉDICA E ODONTOLOGICA,INCLUSIVE DECORRENTE DE REEMBOLSO PARCIAL DO VALOR DESPENDIDO PELO SERVIDOR ATIVO  OU  INATIVO, E SEUS DEPENDENTES OU PENSIONISTAS COM PLANOS OU SEGUROS PRIVADOS DE ASSISTENCIA À SAUDE, NA FORMA ESTABELECIDA EM REGULAMENTO.', 852, 850000);

INSERT INTO orgao VALUES (1, 25000, 'Ministério da Economia');
INSERT INTO orgao VALUES (2, 26000, 'Ministério da Educação');
INSERT INTO orgao VALUES (3, 36000, 'Ministério da Saúde');
INSERT INTO orgao VALUES (4, 30000, 'Ministério da Justiça e Segurança Pública');
INSERT INTO orgao VALUES (5, 52000, 'Ministério da Defesa');

INSERT INTO unidade VALUES (1, 1, 170177, 'SUPERINTENDENCIA REGIONAL DA RFB NA 10A RF');
INSERT INTO unidade VALUES (2, 2, 152005, 'INSTITUTO NACIONAL DE EDUCACAO DE SURDOS-RJ');
INSERT INTO unidade VALUES (3, 1, 170183, 'DELEGACIA DA RFB EM SANTA MARIA');
INSERT INTO unidade VALUES (4, 3, 250025, 'SUPERINTENDENCIA ESTADUAL DO MS/MG');
INSERT INTO unidade VALUES (5, 3, 250030, 'SUPERINTENDENCIA ESTADUAL DO MS/PI');
INSERT INTO unidade VALUES (6, 1, 170178, 'DELEGACIA DA RFB EM CAXIAS DO SUL');
INSERT INTO unidade VALUES (7, 4, 200346, 'SUPERINTENDENCIA REGIONAL NO ESTADO DA BA');
INSERT INTO unidade VALUES (8, 5, 167233, 'COMANDO 5º BRIGADA DE CAVALARIA BLINDADA');

END;

